<metadata xml:lang="en"><Esri><CreaDate>20200306</CreaDate><CreaTime>10080300</CreaTime><ArcGISFormat>1.0</ArcGISFormat><ArcGISstyle>North American Profile of ISO19115 2003</ArcGISstyle><SyncOnce>FALSE</SyncOnce><DataProperties><itemProps><itemName Sync="TRUE">MEQ_sites_2018_2019</itemName><imsContentType Sync="TRUE" export="False">002</imsContentType><nativeExtBox><westBL Sync="TRUE">-64.986480</westBL><eastBL Sync="TRUE">-62.277200</eastBL><southBL Sync="TRUE">45.628410</southBL><northBL Sync="TRUE">46.869361</northBL><exTypeCode Sync="TRUE">1</exTypeCode></nativeExtBox><itemSize Sync="TRUE">0.002</itemSize><itemLocation><linkage Sync="TRUE">file://\\WLNBMON9038052\C$\GIS\Projects\Misc\MikeCoffin\shp\MEQ_sites_2018_2019.shp</linkage><protocol Sync="TRUE">Local Area Network</protocol></itemLocation></itemProps><coordRef><type Sync="TRUE">Geographic</type><geogcsn Sync="TRUE">GCS_WGS_1984</geogcsn><csUnits Sync="TRUE">Angular Unit: Degree (0.017453)</csUnits><peXml Sync="TRUE">&lt;GeographicCoordinateSystem xsi:type='typens:GeographicCoordinateSystem' xmlns:xsi='http://www.w3.org/2001/XMLSchema-instance' xmlns:xs='http://www.w3.org/2001/XMLSchema' xmlns:typens='http://www.esri.com/schemas/ArcGIS/10.5'&gt;&lt;WKT&gt;GEOGCS[&amp;quot;GCS_WGS_1984&amp;quot;,DATUM[&amp;quot;D_WGS_1984&amp;quot;,SPHEROID[&amp;quot;WGS_1984&amp;quot;,6378137.0,298.257223563]],PRIMEM[&amp;quot;Greenwich&amp;quot;,0.0],UNIT[&amp;quot;Degree&amp;quot;,0.0174532925199433],AUTHORITY[&amp;quot;EPSG&amp;quot;,4326]]&lt;/WKT&gt;&lt;XOrigin&gt;-400&lt;/XOrigin&gt;&lt;YOrigin&gt;-400&lt;/YOrigin&gt;&lt;XYScale&gt;11258999068426.238&lt;/XYScale&gt;&lt;ZOrigin&gt;-100000&lt;/ZOrigin&gt;&lt;ZScale&gt;10000&lt;/ZScale&gt;&lt;MOrigin&gt;-100000&lt;/MOrigin&gt;&lt;MScale&gt;10000&lt;/MScale&gt;&lt;XYTolerance&gt;8.983152841195215e-009&lt;/XYTolerance&gt;&lt;ZTolerance&gt;0.001&lt;/ZTolerance&gt;&lt;MTolerance&gt;0.001&lt;/MTolerance&gt;&lt;HighPrecision&gt;true&lt;/HighPrecision&gt;&lt;LeftLongitude&gt;-180&lt;/LeftLongitude&gt;&lt;WKID&gt;4326&lt;/WKID&gt;&lt;LatestWKID&gt;4326&lt;/LatestWKID&gt;&lt;/GeographicCoordinateSystem&gt;</peXml></coordRef></DataProperties><SyncDate>20200306</SyncDate><SyncTime>10562400</SyncTime><ModDate>20200306</ModDate><ModTime>10595800</ModTime><scaleRange><minScale>150000000</minScale><maxScale>5000</maxScale></scaleRange><ArcGISProfile>NAP</ArcGISProfile></Esri><dataIdInfo><envirDesc Sync="TRUE"> Version 6.2 (Build 9200) ; Esri ArcGIS 10.5.1.7333</envirDesc><dataLang><languageCode value="eng" Sync="TRUE"/><countryCode value="USA" Sync="TRUE"/></dataLang><idCitation xmlns=""><resTitle Sync="FALSE">Marine Environmental Quality Program sites 2018-2019 / Zones du programme de la qualité du milieu marin 2018-2019</resTitle><presForm xmlns=""><PresFormCd value="005" Sync="TRUE"/></presForm><date><pubDate>2020-03-06T00:00:00</pubDate></date></idCitation><spatRpType><SpatRepTypCd value="001" Sync="TRUE"/></spatRpType><dataExt><geoEle xmlns=""><GeoBndBox esriExtentType="search"><exTypeCode Sync="TRUE">1</exTypeCode><westBL Sync="TRUE">-64.986480</westBL><eastBL Sync="TRUE">-62.277200</eastBL><northBL Sync="TRUE">46.869361</northBL><southBL Sync="TRUE">45.628410</southBL></GeoBndBox></geoEle></dataExt><idPurp>Marine Environmental Quality (MEQ) Dissolved Oxygen, Eelgrass and Nutrient Monitoring Sites in Southern Gulf of St. Lawrence.  Request raw data from data custodian.

Surveillance de la qualité de l'environnement marin (EMQ) de l'oxygène dissous, de la zostère et des nutriments dans le sud du golfe du Saint-Laurent. Il faut demander au dépositaire des données pour les données actuelles.</idPurp><idAbs>&lt;DIV STYLE="text-align:Left;"&gt;&lt;DIV&gt;&lt;DIV&gt;&lt;P&gt;&lt;SPAN&gt;The MEQ program is a monitoring protocol developed to assess the trophic status of estuaries in the southern Gulf of St. Lawrence. Nutrient loading from freshwater has been directly linked, and modeled with validation, to land-use for all of Prince Edward Island and more recently expanded to New Brunswick and Nova Scotia. On PEI anthropogenic land-use is intensely agricultural, primarily row crops of potatoes, which leads to high nitrogen loading to estuaries. The two factors most important for impacting trophic status are nitrogen loading and water residence time, i.e., water circulation. If water residence time is long and/or nitrogen loading is high we are likely to see effects. A peer-reviewed manuscript has recently demonstrated that these two factors are actually predictive of the dissolved oxygen regime in the upper estuary and successfully used dissolved oxygen to ascribe trophic status to estuaries. In a companion paper it was also determined that nitrogen loading was negatively correlated with eelgrass coverage. The MEQ program, therefore, is monitoring these two endpoints (dissolved oxygen and eelgrass coverage) to assess trophic status across estuaries within the region.&lt;/SPAN&gt;&lt;/P&gt;&lt;P&gt;&lt;SPAN&gt;Le programme MEQ est un protocole de surveillance développé pour évaluer l'état trophique des estuaires du sud du golfe du Saint-Laurent. La charge en éléments nutritifs provenant de l'eau douce a été directement liée et modélisée avec validation à l'utilisation des terres pour l'ensemble de l'Île-du-Prince-Édouard et, plus récemment, étendue au Nouveau-Brunswick et à la Nouvelle-Écosse. À l'Île-du-Prince-Édouard, l'utilisation anthropique des terres est intensément agricole, principalement des cultures en rangées de pommes de terre, ce qui entraîne une forte charge d'azote dans les estuaires. Les deux facteurs les plus importants pour influer sur l'état trophique sont la charge en azote et le temps de séjour dans l'eau, c'est-à-dire la circulation de l'eau. Si le temps de séjour dans l'eau est long et / ou si la charge en azote est élevée, nous verrons probablement des effets. Un manuscrit révisé par des pairs a récemment démontré que ces deux facteurs sont en fait prédictifs du régime d'oxygène dissous dans l'estuaire supérieur et a utilisé avec succès de l'oxygène dissous pour attribuer le statut trophique aux estuaires. Dans un document complémentaire, il a également été déterminé que la charge d'azote était corrélée négativement avec la couverture de zostère. Le programme MEQ surveille donc ces deux paramètres (couverture en oxygène dissous et zostère) pour évaluer l'état trophique des estuaires de la région.&lt;/SPAN&gt;&lt;/P&gt;&lt;/DIV&gt;&lt;/DIV&gt;&lt;/DIV&gt;</idAbs><idCredit>Aquaculture &amp; Coastal Ecosystems Section, Aquatic Health Division, Science Branch, Fisheries and Oceans Canada, Gulf Region</idCredit><searchKeys><keyword>environment</keyword><keyword>inland waters</keyword><keyword>oceans</keyword><keyword>coastal waters</keyword><keyword>environmental quality</keyword><keyword>Gulf of St. Lawrence</keyword><keyword>MEQ</keyword></searchKeys><tpCat><TopicCatCd value="007"/></tpCat><tpCat><TopicCatCd value="012"/></tpCat><tpCat><TopicCatCd value="014"/></tpCat></dataIdInfo><mdLang><languageCode value="eng" Sync="TRUE"/><countryCode value="USA" Sync="TRUE"/></mdLang><mdChar><CharSetCd value="004" Sync="TRUE"/></mdChar><distInfo xmlns=""><distFormat xmlns=""><formatName Sync="TRUE">Shapefile</formatName><formatVer>Arc 10.5</formatVer></distFormat><distTranOps xmlns=""><transSize Sync="TRUE">0.002</transSize></distTranOps><distFormat xmlns=""><formatName>Shapefile</formatName><formatVer>ArcGIS 10.5</formatVer></distFormat></distInfo><mdHrLv><ScopeCd value="005" Sync="TRUE"/></mdHrLv><mdHrLvName Sync="TRUE">dataset</mdHrLvName><refSysInfo><RefSystem dimension="horizontal"><refSysID xmlns=""><identCode code="4326" Sync="TRUE"/><idCodeSpace Sync="TRUE">EPSG</idCodeSpace><idVersion Sync="TRUE">6.14(3.0.1)</idVersion></refSysID></RefSystem></refSysInfo><spatRepInfo><VectSpatRep><geometObjs Name="MEQ_sites_2018_2019"><geoObjTyp><GeoObjTypCd value="004" Sync="TRUE"/></geoObjTyp><geoObjCnt Sync="TRUE">64</geoObjCnt></geometObjs><topLvl><TopoLevCd value="001" Sync="TRUE"/></topLvl></VectSpatRep></spatRepInfo><spdoinfo><ptvctinf><esriterm Name="MEQ_sites_2018_2019"><efeatyp Sync="TRUE">Simple</efeatyp><efeageom code="1" Sync="TRUE"/><esritopo Sync="TRUE">FALSE</esritopo><efeacnt Sync="TRUE">64</efeacnt><spindex Sync="TRUE">TRUE</spindex><linrefer Sync="TRUE">FALSE</linrefer></esriterm></ptvctinf></spdoinfo><eainfo><detailed Name="MEQ_sites_2018_2019" xmlns=""><enttyp><enttypl Sync="TRUE">MEQ_sites_2018_2019</enttypl><enttypt Sync="TRUE">Feature Class</enttypt><enttypc Sync="TRUE">64</enttypc><enttypd>ESRI</enttypd><enttypds>ESRI</enttypds></enttyp><attr xmlns=""><attrlabl Sync="TRUE">FID</attrlabl><attalias Sync="TRUE">FID</attalias><attrtype Sync="TRUE">OID</attrtype><attwidth Sync="TRUE">4</attwidth><atprecis Sync="TRUE">0</atprecis><attscale Sync="TRUE">0</attscale><attrdef Sync="TRUE">Internal feature number.</attrdef><attrdefs Sync="TRUE">Esri</attrdefs><attrdomv><udom Sync="TRUE">Sequential unique whole numbers that are automatically generated.</udom></attrdomv></attr><attr xmlns=""><attrlabl Sync="TRUE">Shape</attrlabl><attalias Sync="TRUE">Shape</attalias><attrtype Sync="TRUE">Geometry</attrtype><attwidth Sync="TRUE">0</attwidth><atprecis Sync="TRUE">0</atprecis><attscale Sync="TRUE">0</attscale><attrdef Sync="TRUE">Feature geometry.</attrdef><attrdefs Sync="TRUE">Esri</attrdefs><attrdomv><udom Sync="TRUE">Coordinates defining the features.</udom></attrdomv></attr><attr xmlns=""><attrlabl Sync="TRUE">Site</attrlabl><attalias Sync="TRUE">Site</attalias><attrtype Sync="TRUE">String</attrtype><attwidth Sync="TRUE">254</attwidth><atprecis Sync="TRUE">0</atprecis><attscale Sync="TRUE">0</attscale><attrdef>MEQ site where logger(s) was depoloyed to gather data</attrdef><attrdefs>DFO</attrdefs></attr><attr xmlns=""><attrlabl Sync="TRUE">Province</attrlabl><attalias Sync="TRUE">Province</attalias><attrtype Sync="TRUE">String</attrtype><attwidth Sync="TRUE">254</attwidth><atprecis Sync="TRUE">0</atprecis><attscale Sync="TRUE">0</attscale><attrdef>Province where site is located</attrdef><attrdefs>DFO</attrdefs></attr><attr xmlns=""><attrlabl Sync="TRUE">Year</attrlabl><attalias Sync="TRUE">Year</attalias><attrtype Sync="TRUE">Integer</attrtype><attwidth Sync="TRUE">10</attwidth><atprecis Sync="TRUE">10</atprecis><attscale Sync="TRUE">0</attscale><attrdef>Year of deployment of MEQ logger(s)</attrdef></attr><attr xmlns=""><attrlabl Sync="TRUE">Lat</attrlabl><attalias Sync="FALSE">Latitude</attalias><attrtype Sync="TRUE">Double</attrtype><attwidth Sync="TRUE">19</attwidth><atprecis Sync="TRUE">0</atprecis><attscale Sync="TRUE">0</attscale><attrdef>Latitude WGS84 coordinate</attrdef><attrdefs>DFO</attrdefs></attr><attr xmlns=""><attrlabl Sync="TRUE">Long</attrlabl><attalias Sync="FALSE">Longitude</attalias><attrtype Sync="TRUE">Double</attrtype><attwidth Sync="TRUE">19</attwidth><atprecis Sync="TRUE">0</atprecis><attscale Sync="TRUE">0</attscale><attrdef>Longitude WGS84 coordinate</attrdef><attrdefs>DFO</attrdefs></attr><attr xmlns=""><attrlabl Sync="TRUE">PercentEst</attrlabl><attalias Sync="FALSE">Pct</attalias><attrtype Sync="TRUE">Integer</attrtype><attwidth Sync="TRUE">10</attwidth><atprecis Sync="TRUE">10</atprecis><attscale Sync="TRUE">0</attscale><attrdef>Point in estuary where logger(s) was deployed.  10 corresponds to the point containing 10% of the estuary, 50 to 50% and 100 to 100%</attrdef><attrdefs>DFO</attrdefs></attr><attr xmlns=""><attrlabl Sync="TRUE">OtherNotes</attrlabl><attalias Sync="TRUE">OtherNotes</attalias><attrtype Sync="TRUE">String</attrtype><attwidth Sync="TRUE">254</attwidth><atprecis Sync="TRUE">0</atprecis><attscale Sync="TRUE">0</attscale><attrdef>Miscellaneous extra information where it exists.  Includes "top," and "dissolved oxygen" referring to the type of logger</attrdef><attrdefs>DFO</attrdefs></attr></detailed></eainfo><mdDateSt Sync="TRUE">20200306</mdDateSt><mdContact xmlns=""><rpIndName>Michael Coffin</rpIndName><rpOrgName>Fisheries and Oceans Canada</rpOrgName><rpPosName>Biologist</rpPosName><role><RoleCd value="002"/></role><rpCntInfo xmlns=""><cntAddress addressType="physical"><delPoint>343 Université Ave</delPoint><city>Moncton</city><adminArea>NB</adminArea><postCode>E1C 9B6</postCode><eMailAdd>Michael.Coffin@dfo-mpo.gc.ca</eMailAdd><country>CA</country></cntAddress><cntPhone><voiceNum tddtty="">506-380-0924</voiceNum></cntPhone></rpCntInfo></mdContact><mdContact xmlns=""><rpIndName>Eva Dickson</rpIndName><rpOrgName>Fisheries and Oceans Canada</rpOrgName><rpPosName>Physical Scientist--Geospatial Analyst and Data Manager</rpPosName><role><RoleCd value="007"/></role><rpCntInfo xmlns=""><cntAddress addressType="physical"><delPoint>343 Université Ave</delPoint><city>Moncton</city><adminArea>NB</adminArea><postCode>E1C 9B6</postCode><eMailAdd>Eva.Dickson@dfo-mpo.gc.ca</eMailAdd><country>CA</country></cntAddress></rpCntInfo></mdContact><mdFileID>8EBC2BF6-9307-4328-8D40-FCA8E6DED97D</mdFileID><dqInfo xmlns=""><dqScope><scpLvl><ScopeCd value="009"/></scpLvl></dqScope></dqInfo></metadata>
